predation.accessibility.lesserSpottedDogfish.stage0.prey.sp0.stage0,0.05,logit
predation.accessibility.lesserSpottedDogfish.stage0.prey.sp0.stage1,0,logit
predation.accessibility.lesserSpottedDogfish.stage0.prey.sp1.stage0,0,logit
predation.accessibility.lesserSpottedDogfish.stage0.prey.sp1.stage1,0.8,logit
predation.accessibility.lesserSpottedDogfish.stage0.prey.sp2.stage0,0,logit
predation.accessibility.lesserSpottedDogfish.stage0.prey.sp2.stage1,0,logit
predation.accessibility.lesserSpottedDogfish.stage0.prey.sp3.stage0,0,logit
predation.accessibility.lesserSpottedDogfish.stage0.prey.sp3.stage1,0,logit
predation.accessibility.lesserSpottedDogfish.stage0.prey.sp4.stage0,0,logit
predation.accessibility.lesserSpottedDogfish.stage0.prey.sp4.stage1,0,logit
predation.accessibility.lesserSpottedDogfish.stage0.prey.sp5.stage0,0,logit
predation.accessibility.lesserSpottedDogfish.stage0.prey.sp5.stage1,0,logit
predation.accessibility.lesserSpottedDogfish.stage0.prey.sp6.stage0,0,logit
predation.accessibility.lesserSpottedDogfish.stage0.prey.sp6.stage1,0.8,logit
predation.accessibility.lesserSpottedDogfish.stage0.prey.sp7.stage0,0,logit
predation.accessibility.lesserSpottedDogfish.stage0.prey.sp7.stage1,0.8,logit
predation.accessibility.lesserSpottedDogfish.stage0.prey.sp8.stage0,0,logit
predation.accessibility.lesserSpottedDogfish.stage0.prey.sp8.stage1,0.8,logit
predation.accessibility.lesserSpottedDogfish.stage0.prey.sp9.stage0,0,logit
predation.accessibility.lesserSpottedDogfish.stage0.prey.sp10.stage0,0,logit
predation.accessibility.lesserSpottedDogfish.stage0.prey.sp11.stage0,0,logit
predation.accessibility.lesserSpottedDogfish.stage0.prey.sp11.stage1,0,logit
predation.accessibility.lesserSpottedDogfish.stage0.prey.sp12.stage0,0,logit
predation.accessibility.lesserSpottedDogfish.stage0.prey.sp12.stage1,0,logit
predation.accessibility.lesserSpottedDogfish.stage0.prey.sp13.stage0,0.05,logit
predation.accessibility.lesserSpottedDogfish.stage0.prey.sp13.stage1,0,logit
predation.accessibility.lesserSpottedDogfish.stage0.prey.sp14.stage0,0.8,logit
predation.accessibility.lesserSpottedDogfish.stage0.prey.sp15.stage0,0.05,logit
predation.accessibility.lesserSpottedDogfish.stage1.prey.sp0.stage0,0,logit
predation.accessibility.lesserSpottedDogfish.stage1.prey.sp0.stage1,0.8,logit
predation.accessibility.lesserSpottedDogfish.stage1.prey.sp1.stage0,0.4,logit
predation.accessibility.lesserSpottedDogfish.stage1.prey.sp1.stage1,0.4,logit
predation.accessibility.lesserSpottedDogfish.stage1.prey.sp2.stage0,0.4,logit
predation.accessibility.lesserSpottedDogfish.stage1.prey.sp2.stage1,0.8,logit
predation.accessibility.lesserSpottedDogfish.stage1.prey.sp3.stage0,0.4,logit
predation.accessibility.lesserSpottedDogfish.stage1.prey.sp3.stage1,0.8,logit
predation.accessibility.lesserSpottedDogfish.stage1.prey.sp4.stage0,0.4,logit
predation.accessibility.lesserSpottedDogfish.stage1.prey.sp4.stage1,0.8,logit
predation.accessibility.lesserSpottedDogfish.stage1.prey.sp5.stage0,0.4,logit
predation.accessibility.lesserSpottedDogfish.stage1.prey.sp5.stage1,0.8,logit
predation.accessibility.lesserSpottedDogfish.stage1.prey.sp6.stage0,0.4,logit
predation.accessibility.lesserSpottedDogfish.stage1.prey.sp6.stage1,0.4,logit
predation.accessibility.lesserSpottedDogfish.stage1.prey.sp7.stage0,0.4,logit
predation.accessibility.lesserSpottedDogfish.stage1.prey.sp7.stage1,0.4,logit
predation.accessibility.lesserSpottedDogfish.stage1.prey.sp8.stage0,0.4,logit
predation.accessibility.lesserSpottedDogfish.stage1.prey.sp8.stage1,0.4,logit
predation.accessibility.lesserSpottedDogfish.stage1.prey.sp9.stage0,0.4,logit
predation.accessibility.lesserSpottedDogfish.stage1.prey.sp10.stage0,0.4,logit
predation.accessibility.lesserSpottedDogfish.stage1.prey.sp11.stage0,0.4,logit
predation.accessibility.lesserSpottedDogfish.stage1.prey.sp11.stage1,0.4,logit
predation.accessibility.lesserSpottedDogfish.stage1.prey.sp12.stage0,0.4,logit
predation.accessibility.lesserSpottedDogfish.stage1.prey.sp12.stage1,0.4,logit
predation.accessibility.lesserSpottedDogfish.stage1.prey.sp13.stage0,0,logit
predation.accessibility.lesserSpottedDogfish.stage1.prey.sp13.stage1,0.4,logit
predation.accessibility.lesserSpottedDogfish.stage1.prey.sp14.stage0,0.8,logit
predation.accessibility.lesserSpottedDogfish.stage1.prey.sp15.stage0,0,logit
predation.accessibility.redMullet.stage0.prey.sp0.stage0,0,logit
predation.accessibility.redMullet.stage0.prey.sp0.stage1,0.4,logit
predation.accessibility.redMullet.stage0.prey.sp1.stage0,0.8,logit
predation.accessibility.redMullet.stage0.prey.sp1.stage1,0,logit
predation.accessibility.redMullet.stage0.prey.sp2.stage0,0.8,logit
predation.accessibility.redMullet.stage0.prey.sp2.stage1,0.4,logit
predation.accessibility.redMullet.stage0.prey.sp3.stage0,0.8,logit
predation.accessibility.redMullet.stage0.prey.sp3.stage1,0.4,logit
predation.accessibility.redMullet.stage0.prey.sp4.stage0,0.8,logit
predation.accessibility.redMullet.stage0.prey.sp4.stage1,0.4,logit
predation.accessibility.redMullet.stage0.prey.sp5.stage0,0.8,logit
predation.accessibility.redMullet.stage0.prey.sp5.stage1,0.4,logit
predation.accessibility.redMullet.stage0.prey.sp6.stage0,0.8,logit
predation.accessibility.redMullet.stage0.prey.sp6.stage1,0,logit
predation.accessibility.redMullet.stage0.prey.sp7.stage0,0.8,logit
predation.accessibility.redMullet.stage0.prey.sp7.stage1,0,logit
predation.accessibility.redMullet.stage0.prey.sp8.stage0,0.8,logit
predation.accessibility.redMullet.stage0.prey.sp8.stage1,0,logit
predation.accessibility.redMullet.stage0.prey.sp9.stage0,0.8,logit
predation.accessibility.redMullet.stage0.prey.sp10.stage0,0.8,logit
predation.accessibility.redMullet.stage0.prey.sp11.stage0,0.8,logit
predation.accessibility.redMullet.stage0.prey.sp11.stage1,0.8,logit
predation.accessibility.redMullet.stage0.prey.sp12.stage0,0.8,logit
predation.accessibility.redMullet.stage0.prey.sp12.stage1,0.8,logit
predation.accessibility.redMullet.stage0.prey.sp13.stage0,0,logit
predation.accessibility.redMullet.stage0.prey.sp13.stage1,0.8,logit
predation.accessibility.redMullet.stage0.prey.sp14.stage0,0,logit
predation.accessibility.redMullet.stage0.prey.sp15.stage0,0,logit
predation.accessibility.redMullet.stage1.prey.sp0.stage0,0.05,logit
predation.accessibility.redMullet.stage1.prey.sp0.stage1,0,logit
predation.accessibility.redMullet.stage1.prey.sp1.stage0,0,logit
predation.accessibility.redMullet.stage1.prey.sp1.stage1,0.8,logit
predation.accessibility.redMullet.stage1.prey.sp2.stage0,0,logit
predation.accessibility.redMullet.stage1.prey.sp2.stage1,0,logit
predation.accessibility.redMullet.stage1.prey.sp3.stage0,0,logit
predation.accessibility.redMullet.stage1.prey.sp3.stage1,0,logit
predation.accessibility.redMullet.stage1.prey.sp4.stage0,0,logit
predation.accessibility.redMullet.stage1.prey.sp4.stage1,0,logit
predation.accessibility.redMullet.stage1.prey.sp5.stage0,0,logit
predation.accessibility.redMullet.stage1.prey.sp5.stage1,0,logit
predation.accessibility.redMullet.stage1.prey.sp6.stage0,0,logit
predation.accessibility.redMullet.stage1.prey.sp6.stage1,0.8,logit
predation.accessibility.redMullet.stage1.prey.sp7.stage0,0,logit
predation.accessibility.redMullet.stage1.prey.sp7.stage1,0.8,logit
predation.accessibility.redMullet.stage1.prey.sp8.stage0,0,logit
predation.accessibility.redMullet.stage1.prey.sp8.stage1,0.8,logit
predation.accessibility.redMullet.stage1.prey.sp9.stage0,0,logit
predation.accessibility.redMullet.stage1.prey.sp10.stage0,0,logit
predation.accessibility.redMullet.stage1.prey.sp11.stage0,0,logit
predation.accessibility.redMullet.stage1.prey.sp11.stage1,0,logit
predation.accessibility.redMullet.stage1.prey.sp12.stage0,0,logit
predation.accessibility.redMullet.stage1.prey.sp12.stage1,0,logit
predation.accessibility.redMullet.stage1.prey.sp13.stage0,0.05,logit
predation.accessibility.redMullet.stage1.prey.sp13.stage1,0,logit
predation.accessibility.redMullet.stage1.prey.sp14.stage0,0.8,logit
predation.accessibility.redMullet.stage1.prey.sp15.stage0,0.8,logit
predation.accessibility.pouting.stage0.prey.sp0.stage0,0,logit
predation.accessibility.pouting.stage0.prey.sp0.stage1,0.4,logit
predation.accessibility.pouting.stage0.prey.sp1.stage0,0.8,logit
predation.accessibility.pouting.stage0.prey.sp1.stage1,0,logit
predation.accessibility.pouting.stage0.prey.sp2.stage0,0.8,logit
predation.accessibility.pouting.stage0.prey.sp2.stage1,0.4,logit
predation.accessibility.pouting.stage0.prey.sp3.stage0,0.8,logit
predation.accessibility.pouting.stage0.prey.sp3.stage1,0.4,logit
predation.accessibility.pouting.stage0.prey.sp4.stage0,0.8,logit
predation.accessibility.pouting.stage0.prey.sp4.stage1,0.4,logit
predation.accessibility.pouting.stage0.prey.sp5.stage0,0.8,logit
predation.accessibility.pouting.stage0.prey.sp5.stage1,0.4,logit
predation.accessibility.pouting.stage0.prey.sp6.stage0,0.8,logit
predation.accessibility.pouting.stage0.prey.sp6.stage1,0,logit
predation.accessibility.pouting.stage0.prey.sp7.stage0,0.8,logit
predation.accessibility.pouting.stage0.prey.sp7.stage1,0,logit
predation.accessibility.pouting.stage0.prey.sp8.stage0,0.8,logit
predation.accessibility.pouting.stage0.prey.sp8.stage1,0,logit
predation.accessibility.pouting.stage0.prey.sp9.stage0,0.8,logit
predation.accessibility.pouting.stage0.prey.sp10.stage0,0.8,logit
predation.accessibility.pouting.stage0.prey.sp11.stage0,0.8,logit
predation.accessibility.pouting.stage0.prey.sp11.stage1,0.8,logit
predation.accessibility.pouting.stage0.prey.sp12.stage0,0.8,logit
predation.accessibility.pouting.stage0.prey.sp12.stage1,0.8,logit
predation.accessibility.pouting.stage0.prey.sp13.stage0,0,logit
predation.accessibility.pouting.stage0.prey.sp13.stage1,0.8,logit
predation.accessibility.pouting.stage0.prey.sp14.stage0,0,logit
predation.accessibility.pouting.stage0.prey.sp15.stage0,0,logit
predation.accessibility.pouting.stage1.prey.sp0.stage0,0,logit
predation.accessibility.pouting.stage1.prey.sp0.stage1,0.8,logit
predation.accessibility.pouting.stage1.prey.sp1.stage0,0.4,logit
predation.accessibility.pouting.stage1.prey.sp1.stage1,0.4,logit
predation.accessibility.pouting.stage1.prey.sp2.stage0,0.4,logit
predation.accessibility.pouting.stage1.prey.sp2.stage1,0.8,logit
predation.accessibility.pouting.stage1.prey.sp3.stage0,0.4,logit
predation.accessibility.pouting.stage1.prey.sp3.stage1,0.8,logit
predation.accessibility.pouting.stage1.prey.sp4.stage0,0.4,logit
predation.accessibility.pouting.stage1.prey.sp4.stage1,0.8,logit
predation.accessibility.pouting.stage1.prey.sp5.stage0,0.4,logit
predation.accessibility.pouting.stage1.prey.sp5.stage1,0.8,logit
predation.accessibility.pouting.stage1.prey.sp6.stage0,0.4,logit
predation.accessibility.pouting.stage1.prey.sp6.stage1,0.4,logit
predation.accessibility.pouting.stage1.prey.sp7.stage0,0.4,logit
predation.accessibility.pouting.stage1.prey.sp7.stage1,0.4,logit
predation.accessibility.pouting.stage1.prey.sp8.stage0,0.4,logit
predation.accessibility.pouting.stage1.prey.sp8.stage1,0.4,logit
predation.accessibility.pouting.stage1.prey.sp9.stage0,0.4,logit
predation.accessibility.pouting.stage1.prey.sp10.stage0,0.4,logit
predation.accessibility.pouting.stage1.prey.sp11.stage0,0.4,logit
predation.accessibility.pouting.stage1.prey.sp11.stage1,0.4,logit
predation.accessibility.pouting.stage1.prey.sp12.stage0,0.4,logit
predation.accessibility.pouting.stage1.prey.sp12.stage1,0.4,logit
predation.accessibility.pouting.stage1.prey.sp13.stage0,0,logit
predation.accessibility.pouting.stage1.prey.sp13.stage1,0.4,logit
predation.accessibility.pouting.stage1.prey.sp14.stage0,0.8,logit
predation.accessibility.pouting.stage1.prey.sp15.stage0,0,logit
predation.accessibility.whiting.stage0.prey.sp0.stage0,0,logit
predation.accessibility.whiting.stage0.prey.sp0.stage1,0.4,logit
predation.accessibility.whiting.stage0.prey.sp1.stage0,0.8,logit
predation.accessibility.whiting.stage0.prey.sp1.stage1,0,logit
predation.accessibility.whiting.stage0.prey.sp2.stage0,0.8,logit
predation.accessibility.whiting.stage0.prey.sp2.stage1,0.4,logit
predation.accessibility.whiting.stage0.prey.sp3.stage0,0.8,logit
predation.accessibility.whiting.stage0.prey.sp3.stage1,0.4,logit
predation.accessibility.whiting.stage0.prey.sp4.stage0,0.8,logit
predation.accessibility.whiting.stage0.prey.sp4.stage1,0.4,logit
predation.accessibility.whiting.stage0.prey.sp5.stage0,0.8,logit
predation.accessibility.whiting.stage0.prey.sp5.stage1,0.4,logit
predation.accessibility.whiting.stage0.prey.sp6.stage0,0.8,logit
predation.accessibility.whiting.stage0.prey.sp6.stage1,0,logit
predation.accessibility.whiting.stage0.prey.sp7.stage0,0.8,logit
predation.accessibility.whiting.stage0.prey.sp7.stage1,0,logit
predation.accessibility.whiting.stage0.prey.sp8.stage0,0.8,logit
predation.accessibility.whiting.stage0.prey.sp8.stage1,0,logit
predation.accessibility.whiting.stage0.prey.sp9.stage0,0.8,logit
predation.accessibility.whiting.stage0.prey.sp10.stage0,0.8,logit
predation.accessibility.whiting.stage0.prey.sp11.stage0,0.8,logit
predation.accessibility.whiting.stage0.prey.sp11.stage1,0.8,logit
predation.accessibility.whiting.stage0.prey.sp12.stage0,0.8,logit
predation.accessibility.whiting.stage0.prey.sp12.stage1,0.8,logit
predation.accessibility.whiting.stage0.prey.sp13.stage0,0,logit
predation.accessibility.whiting.stage0.prey.sp13.stage1,0.8,logit
predation.accessibility.whiting.stage0.prey.sp14.stage0,0,logit
predation.accessibility.whiting.stage0.prey.sp15.stage0,0,logit
predation.accessibility.whiting.stage1.prey.sp0.stage0,0,logit
predation.accessibility.whiting.stage1.prey.sp0.stage1,0.8,logit
predation.accessibility.whiting.stage1.prey.sp1.stage0,0.4,logit
predation.accessibility.whiting.stage1.prey.sp1.stage1,0.4,logit
predation.accessibility.whiting.stage1.prey.sp2.stage0,0.4,logit
predation.accessibility.whiting.stage1.prey.sp2.stage1,0.8,logit
predation.accessibility.whiting.stage1.prey.sp3.stage0,0.4,logit
predation.accessibility.whiting.stage1.prey.sp3.stage1,0.8,logit
predation.accessibility.whiting.stage1.prey.sp4.stage0,0.4,logit
predation.accessibility.whiting.stage1.prey.sp4.stage1,0.8,logit
predation.accessibility.whiting.stage1.prey.sp5.stage0,0.4,logit
predation.accessibility.whiting.stage1.prey.sp5.stage1,0.8,logit
predation.accessibility.whiting.stage1.prey.sp6.stage0,0.4,logit
predation.accessibility.whiting.stage1.prey.sp6.stage1,0.4,logit
predation.accessibility.whiting.stage1.prey.sp7.stage0,0.4,logit
predation.accessibility.whiting.stage1.prey.sp7.stage1,0.4,logit
predation.accessibility.whiting.stage1.prey.sp8.stage0,0.4,logit
predation.accessibility.whiting.stage1.prey.sp8.stage1,0.4,logit
predation.accessibility.whiting.stage1.prey.sp9.stage0,0.4,logit
predation.accessibility.whiting.stage1.prey.sp10.stage0,0.4,logit
predation.accessibility.whiting.stage1.prey.sp11.stage0,0.4,logit
predation.accessibility.whiting.stage1.prey.sp11.stage1,0.4,logit
predation.accessibility.whiting.stage1.prey.sp12.stage0,0.4,logit
predation.accessibility.whiting.stage1.prey.sp12.stage1,0.4,logit
predation.accessibility.whiting.stage1.prey.sp13.stage0,0,logit
predation.accessibility.whiting.stage1.prey.sp13.stage1,0.4,logit
predation.accessibility.whiting.stage1.prey.sp14.stage0,0.8,logit
predation.accessibility.whiting.stage1.prey.sp15.stage0,0,logit
predation.accessibility.poorCod.stage0.prey.sp0.stage0,0,logit
predation.accessibility.poorCod.stage0.prey.sp0.stage1,0.4,logit
predation.accessibility.poorCod.stage0.prey.sp1.stage0,0.8,logit
predation.accessibility.poorCod.stage0.prey.sp1.stage1,0,logit
predation.accessibility.poorCod.stage0.prey.sp2.stage0,0.8,logit
predation.accessibility.poorCod.stage0.prey.sp2.stage1,0.4,logit
predation.accessibility.poorCod.stage0.prey.sp3.stage0,0.8,logit
predation.accessibility.poorCod.stage0.prey.sp3.stage1,0.4,logit
predation.accessibility.poorCod.stage0.prey.sp4.stage0,0.8,logit
predation.accessibility.poorCod.stage0.prey.sp4.stage1,0.4,logit
predation.accessibility.poorCod.stage0.prey.sp5.stage0,0.8,logit
predation.accessibility.poorCod.stage0.prey.sp5.stage1,0.4,logit
predation.accessibility.poorCod.stage0.prey.sp6.stage0,0.8,logit
predation.accessibility.poorCod.stage0.prey.sp6.stage1,0,logit
predation.accessibility.poorCod.stage0.prey.sp7.stage0,0.8,logit
predation.accessibility.poorCod.stage0.prey.sp7.stage1,0,logit
predation.accessibility.poorCod.stage0.prey.sp8.stage0,0.8,logit
predation.accessibility.poorCod.stage0.prey.sp8.stage1,0,logit
predation.accessibility.poorCod.stage0.prey.sp9.stage0,0.8,logit
predation.accessibility.poorCod.stage0.prey.sp10.stage0,0.8,logit
predation.accessibility.poorCod.stage0.prey.sp11.stage0,0.8,logit
predation.accessibility.poorCod.stage0.prey.sp11.stage1,0.8,logit
predation.accessibility.poorCod.stage0.prey.sp12.stage0,0.8,logit
predation.accessibility.poorCod.stage0.prey.sp12.stage1,0.8,logit
predation.accessibility.poorCod.stage0.prey.sp13.stage0,0,logit
predation.accessibility.poorCod.stage0.prey.sp13.stage1,0.8,logit
predation.accessibility.poorCod.stage0.prey.sp14.stage0,0,logit
predation.accessibility.poorCod.stage0.prey.sp15.stage0,0,logit
predation.accessibility.poorCod.stage1.prey.sp0.stage0,0,logit
predation.accessibility.poorCod.stage1.prey.sp0.stage1,0.8,logit
predation.accessibility.poorCod.stage1.prey.sp1.stage0,0.4,logit
predation.accessibility.poorCod.stage1.prey.sp1.stage1,0.4,logit
predation.accessibility.poorCod.stage1.prey.sp2.stage0,0.4,logit
predation.accessibility.poorCod.stage1.prey.sp2.stage1,0.8,logit
predation.accessibility.poorCod.stage1.prey.sp3.stage0,0.4,logit
predation.accessibility.poorCod.stage1.prey.sp3.stage1,0.8,logit
predation.accessibility.poorCod.stage1.prey.sp4.stage0,0.4,logit
predation.accessibility.poorCod.stage1.prey.sp4.stage1,0.8,logit
predation.accessibility.poorCod.stage1.prey.sp5.stage0,0.4,logit
predation.accessibility.poorCod.stage1.prey.sp5.stage1,0.8,logit
predation.accessibility.poorCod.stage1.prey.sp6.stage0,0.4,logit
predation.accessibility.poorCod.stage1.prey.sp6.stage1,0.4,logit
predation.accessibility.poorCod.stage1.prey.sp7.stage0,0.4,logit
predation.accessibility.poorCod.stage1.prey.sp7.stage1,0.4,logit
predation.accessibility.poorCod.stage1.prey.sp8.stage0,0.4,logit
predation.accessibility.poorCod.stage1.prey.sp8.stage1,0.4,logit
predation.accessibility.poorCod.stage1.prey.sp9.stage0,0.4,logit
predation.accessibility.poorCod.stage1.prey.sp10.stage0,0.4,logit
predation.accessibility.poorCod.stage1.prey.sp11.stage0,0.4,logit
predation.accessibility.poorCod.stage1.prey.sp11.stage1,0.4,logit
predation.accessibility.poorCod.stage1.prey.sp12.stage0,0.4,logit
predation.accessibility.poorCod.stage1.prey.sp12.stage1,0.4,logit
predation.accessibility.poorCod.stage1.prey.sp13.stage0,0,logit
predation.accessibility.poorCod.stage1.prey.sp13.stage1,0.4,logit
predation.accessibility.poorCod.stage1.prey.sp14.stage0,0.8,logit
predation.accessibility.poorCod.stage1.prey.sp15.stage0,0,logit
predation.accessibility.cod.stage0.prey.sp0.stage0,0,logit
predation.accessibility.cod.stage0.prey.sp0.stage1,0.4,logit
predation.accessibility.cod.stage0.prey.sp1.stage0,0.8,logit
predation.accessibility.cod.stage0.prey.sp1.stage1,0,logit
predation.accessibility.cod.stage0.prey.sp2.stage0,0.8,logit
predation.accessibility.cod.stage0.prey.sp2.stage1,0.4,logit
predation.accessibility.cod.stage0.prey.sp3.stage0,0.8,logit
predation.accessibility.cod.stage0.prey.sp3.stage1,0.4,logit
predation.accessibility.cod.stage0.prey.sp4.stage0,0.8,logit
predation.accessibility.cod.stage0.prey.sp4.stage1,0.4,logit
predation.accessibility.cod.stage0.prey.sp5.stage0,0.8,logit
predation.accessibility.cod.stage0.prey.sp5.stage1,0.4,logit
predation.accessibility.cod.stage0.prey.sp6.stage0,0.8,logit
predation.accessibility.cod.stage0.prey.sp6.stage1,0,logit
predation.accessibility.cod.stage0.prey.sp7.stage0,0.8,logit
predation.accessibility.cod.stage0.prey.sp7.stage1,0,logit
predation.accessibility.cod.stage0.prey.sp8.stage0,0.8,logit
predation.accessibility.cod.stage0.prey.sp8.stage1,0,logit
predation.accessibility.cod.stage0.prey.sp9.stage0,0.8,logit
predation.accessibility.cod.stage0.prey.sp10.stage0,0.8,logit
predation.accessibility.cod.stage0.prey.sp11.stage0,0.8,logit
predation.accessibility.cod.stage0.prey.sp11.stage1,0.8,logit
predation.accessibility.cod.stage0.prey.sp12.stage0,0.8,logit
predation.accessibility.cod.stage0.prey.sp12.stage1,0.8,logit
predation.accessibility.cod.stage0.prey.sp13.stage0,0,logit
predation.accessibility.cod.stage0.prey.sp13.stage1,0.8,logit
predation.accessibility.cod.stage0.prey.sp14.stage0,0,logit
predation.accessibility.cod.stage0.prey.sp15.stage0,0,logit
predation.accessibility.cod.stage1.prey.sp0.stage0,0,logit
predation.accessibility.cod.stage1.prey.sp0.stage1,0.8,logit
predation.accessibility.cod.stage1.prey.sp1.stage0,0.4,logit
predation.accessibility.cod.stage1.prey.sp1.stage1,0.4,logit
predation.accessibility.cod.stage1.prey.sp2.stage0,0.4,logit
predation.accessibility.cod.stage1.prey.sp2.stage1,0.8,logit
predation.accessibility.cod.stage1.prey.sp3.stage0,0.4,logit
predation.accessibility.cod.stage1.prey.sp3.stage1,0.8,logit
predation.accessibility.cod.stage1.prey.sp4.stage0,0.4,logit
predation.accessibility.cod.stage1.prey.sp4.stage1,0.8,logit
predation.accessibility.cod.stage1.prey.sp5.stage0,0.4,logit
predation.accessibility.cod.stage1.prey.sp5.stage1,0.8,logit
predation.accessibility.cod.stage1.prey.sp6.stage0,0.4,logit
predation.accessibility.cod.stage1.prey.sp6.stage1,0.4,logit
predation.accessibility.cod.stage1.prey.sp7.stage0,0.4,logit
predation.accessibility.cod.stage1.prey.sp7.stage1,0.4,logit
predation.accessibility.cod.stage1.prey.sp8.stage0,0.4,logit
predation.accessibility.cod.stage1.prey.sp8.stage1,0.4,logit
predation.accessibility.cod.stage1.prey.sp9.stage0,0.4,logit
predation.accessibility.cod.stage1.prey.sp10.stage0,0.4,logit
predation.accessibility.cod.stage1.prey.sp11.stage0,0.4,logit
predation.accessibility.cod.stage1.prey.sp11.stage1,0.4,logit
predation.accessibility.cod.stage1.prey.sp12.stage0,0.4,logit
predation.accessibility.cod.stage1.prey.sp12.stage1,0.4,logit
predation.accessibility.cod.stage1.prey.sp13.stage0,0,logit
predation.accessibility.cod.stage1.prey.sp13.stage1,0.4,logit
predation.accessibility.cod.stage1.prey.sp14.stage0,0.8,logit
predation.accessibility.cod.stage1.prey.sp15.stage0,0,logit
predation.accessibility.dragonet.stage0.prey.sp0.stage0,0,logit
predation.accessibility.dragonet.stage0.prey.sp0.stage1,0.4,logit
predation.accessibility.dragonet.stage0.prey.sp1.stage0,0.8,logit
predation.accessibility.dragonet.stage0.prey.sp1.stage1,0,logit
predation.accessibility.dragonet.stage0.prey.sp2.stage0,0.8,logit
predation.accessibility.dragonet.stage0.prey.sp2.stage1,0.4,logit
predation.accessibility.dragonet.stage0.prey.sp3.stage0,0.8,logit
predation.accessibility.dragonet.stage0.prey.sp3.stage1,0.4,logit
predation.accessibility.dragonet.stage0.prey.sp4.stage0,0.8,logit
predation.accessibility.dragonet.stage0.prey.sp4.stage1,0.4,logit
predation.accessibility.dragonet.stage0.prey.sp5.stage0,0.8,logit
predation.accessibility.dragonet.stage0.prey.sp5.stage1,0.4,logit
predation.accessibility.dragonet.stage0.prey.sp6.stage0,0.8,logit
predation.accessibility.dragonet.stage0.prey.sp6.stage1,0,logit
predation.accessibility.dragonet.stage0.prey.sp7.stage0,0.8,logit
predation.accessibility.dragonet.stage0.prey.sp7.stage1,0,logit
predation.accessibility.dragonet.stage0.prey.sp8.stage0,0.8,logit
predation.accessibility.dragonet.stage0.prey.sp8.stage1,0,logit
predation.accessibility.dragonet.stage0.prey.sp9.stage0,0.8,logit
predation.accessibility.dragonet.stage0.prey.sp10.stage0,0.8,logit
predation.accessibility.dragonet.stage0.prey.sp11.stage0,0.8,logit
predation.accessibility.dragonet.stage0.prey.sp11.stage1,0.8,logit
predation.accessibility.dragonet.stage0.prey.sp12.stage0,0.8,logit
predation.accessibility.dragonet.stage0.prey.sp12.stage1,0.8,logit
predation.accessibility.dragonet.stage0.prey.sp13.stage0,0,logit
predation.accessibility.dragonet.stage0.prey.sp13.stage1,0.8,logit
predation.accessibility.dragonet.stage0.prey.sp14.stage0,0,logit
predation.accessibility.dragonet.stage0.prey.sp15.stage0,0,logit
predation.accessibility.dragonet.stage1.prey.sp0.stage0,0.05,logit
predation.accessibility.dragonet.stage1.prey.sp0.stage1,0,logit
predation.accessibility.dragonet.stage1.prey.sp1.stage0,0,logit
predation.accessibility.dragonet.stage1.prey.sp1.stage1,0.8,logit
predation.accessibility.dragonet.stage1.prey.sp2.stage0,0,logit
predation.accessibility.dragonet.stage1.prey.sp2.stage1,0,logit
predation.accessibility.dragonet.stage1.prey.sp3.stage0,0,logit
predation.accessibility.dragonet.stage1.prey.sp3.stage1,0,logit
predation.accessibility.dragonet.stage1.prey.sp4.stage0,0,logit
predation.accessibility.dragonet.stage1.prey.sp4.stage1,0,logit
predation.accessibility.dragonet.stage1.prey.sp5.stage0,0,logit
predation.accessibility.dragonet.stage1.prey.sp5.stage1,0,logit
predation.accessibility.dragonet.stage1.prey.sp6.stage0,0,logit
predation.accessibility.dragonet.stage1.prey.sp6.stage1,0.8,logit
predation.accessibility.dragonet.stage1.prey.sp7.stage0,0,logit
predation.accessibility.dragonet.stage1.prey.sp7.stage1,0.8,logit
predation.accessibility.dragonet.stage1.prey.sp8.stage0,0,logit
predation.accessibility.dragonet.stage1.prey.sp8.stage1,0.8,logit
predation.accessibility.dragonet.stage1.prey.sp9.stage0,0,logit
predation.accessibility.dragonet.stage1.prey.sp10.stage0,0,logit
predation.accessibility.dragonet.stage1.prey.sp11.stage0,0,logit
predation.accessibility.dragonet.stage1.prey.sp11.stage1,0,logit
predation.accessibility.dragonet.stage1.prey.sp12.stage0,0,logit
predation.accessibility.dragonet.stage1.prey.sp12.stage1,0,logit
predation.accessibility.dragonet.stage1.prey.sp13.stage0,0.05,logit
predation.accessibility.dragonet.stage1.prey.sp13.stage1,0,logit
predation.accessibility.dragonet.stage1.prey.sp14.stage0,0.8,logit
predation.accessibility.dragonet.stage1.prey.sp15.stage0,0,logit
predation.accessibility.sole.stage0.prey.sp0.stage0,0,logit
predation.accessibility.sole.stage0.prey.sp0.stage1,0.4,logit
predation.accessibility.sole.stage0.prey.sp1.stage0,0.8,logit
predation.accessibility.sole.stage0.prey.sp1.stage1,0,logit
predation.accessibility.sole.stage0.prey.sp2.stage0,0.8,logit
predation.accessibility.sole.stage0.prey.sp2.stage1,0.4,logit
predation.accessibility.sole.stage0.prey.sp3.stage0,0.8,logit
predation.accessibility.sole.stage0.prey.sp3.stage1,0.4,logit
predation.accessibility.sole.stage0.prey.sp4.stage0,0.8,logit
predation.accessibility.sole.stage0.prey.sp4.stage1,0.4,logit
predation.accessibility.sole.stage0.prey.sp5.stage0,0.8,logit
predation.accessibility.sole.stage0.prey.sp5.stage1,0.4,logit
predation.accessibility.sole.stage0.prey.sp6.stage0,0.8,logit
predation.accessibility.sole.stage0.prey.sp6.stage1,0,logit
predation.accessibility.sole.stage0.prey.sp7.stage0,0.8,logit
predation.accessibility.sole.stage0.prey.sp7.stage1,0,logit
predation.accessibility.sole.stage0.prey.sp8.stage0,0.8,logit
predation.accessibility.sole.stage0.prey.sp8.stage1,0,logit
predation.accessibility.sole.stage0.prey.sp9.stage0,0.8,logit
predation.accessibility.sole.stage0.prey.sp10.stage0,0.8,logit
predation.accessibility.sole.stage0.prey.sp11.stage0,0.8,logit
predation.accessibility.sole.stage0.prey.sp11.stage1,0.8,logit
predation.accessibility.sole.stage0.prey.sp12.stage0,0.8,logit
predation.accessibility.sole.stage0.prey.sp12.stage1,0.8,logit
predation.accessibility.sole.stage0.prey.sp13.stage0,0,logit
predation.accessibility.sole.stage0.prey.sp13.stage1,0.8,logit
predation.accessibility.sole.stage0.prey.sp14.stage0,0,logit
predation.accessibility.sole.stage0.prey.sp15.stage0,0,logit
predation.accessibility.sole.stage1.prey.sp0.stage0,0.05,logit
predation.accessibility.sole.stage1.prey.sp0.stage1,0,logit
predation.accessibility.sole.stage1.prey.sp1.stage0,0,logit
predation.accessibility.sole.stage1.prey.sp1.stage1,0.8,logit
predation.accessibility.sole.stage1.prey.sp2.stage0,0,logit
predation.accessibility.sole.stage1.prey.sp2.stage1,0,logit
predation.accessibility.sole.stage1.prey.sp3.stage0,0,logit
predation.accessibility.sole.stage1.prey.sp3.stage1,0,logit
predation.accessibility.sole.stage1.prey.sp4.stage0,0,logit
predation.accessibility.sole.stage1.prey.sp4.stage1,0,logit
predation.accessibility.sole.stage1.prey.sp5.stage0,0,logit
predation.accessibility.sole.stage1.prey.sp5.stage1,0,logit
predation.accessibility.sole.stage1.prey.sp6.stage0,0,logit
predation.accessibility.sole.stage1.prey.sp6.stage1,0.8,logit
predation.accessibility.sole.stage1.prey.sp7.stage0,0,logit
predation.accessibility.sole.stage1.prey.sp7.stage1,0.8,logit
predation.accessibility.sole.stage1.prey.sp8.stage0,0,logit
predation.accessibility.sole.stage1.prey.sp8.stage1,0.8,logit
predation.accessibility.sole.stage1.prey.sp9.stage0,0,logit
predation.accessibility.sole.stage1.prey.sp10.stage0,0,logit
predation.accessibility.sole.stage1.prey.sp11.stage0,0,logit
predation.accessibility.sole.stage1.prey.sp11.stage1,0,logit
predation.accessibility.sole.stage1.prey.sp12.stage0,0,logit
predation.accessibility.sole.stage1.prey.sp12.stage1,0,logit
predation.accessibility.sole.stage1.prey.sp13.stage0,0.05,logit
predation.accessibility.sole.stage1.prey.sp13.stage1,0,logit
predation.accessibility.sole.stage1.prey.sp14.stage0,0.8,logit
predation.accessibility.sole.stage1.prey.sp15.stage0,0.8,logit
predation.accessibility.plaice.stage0.prey.sp0.stage0,0,logit
predation.accessibility.plaice.stage0.prey.sp0.stage1,0.4,logit
predation.accessibility.plaice.stage0.prey.sp1.stage0,0.8,logit
predation.accessibility.plaice.stage0.prey.sp1.stage1,0,logit
predation.accessibility.plaice.stage0.prey.sp2.stage0,0.8,logit
predation.accessibility.plaice.stage0.prey.sp2.stage1,0.4,logit
predation.accessibility.plaice.stage0.prey.sp3.stage0,0.8,logit
predation.accessibility.plaice.stage0.prey.sp3.stage1,0.4,logit
predation.accessibility.plaice.stage0.prey.sp4.stage0,0.8,logit
predation.accessibility.plaice.stage0.prey.sp4.stage1,0.4,logit
predation.accessibility.plaice.stage0.prey.sp5.stage0,0.8,logit
predation.accessibility.plaice.stage0.prey.sp5.stage1,0.4,logit
predation.accessibility.plaice.stage0.prey.sp6.stage0,0.8,logit
predation.accessibility.plaice.stage0.prey.sp6.stage1,0,logit
predation.accessibility.plaice.stage0.prey.sp7.stage0,0.8,logit
predation.accessibility.plaice.stage0.prey.sp7.stage1,0,logit
predation.accessibility.plaice.stage0.prey.sp8.stage0,0.8,logit
predation.accessibility.plaice.stage0.prey.sp8.stage1,0,logit
predation.accessibility.plaice.stage0.prey.sp9.stage0,0.8,logit
predation.accessibility.plaice.stage0.prey.sp10.stage0,0.8,logit
predation.accessibility.plaice.stage0.prey.sp11.stage0,0.8,logit
predation.accessibility.plaice.stage0.prey.sp11.stage1,0.8,logit
predation.accessibility.plaice.stage0.prey.sp12.stage0,0.8,logit
predation.accessibility.plaice.stage0.prey.sp12.stage1,0.8,logit
predation.accessibility.plaice.stage0.prey.sp13.stage0,0,logit
predation.accessibility.plaice.stage0.prey.sp13.stage1,0.8,logit
predation.accessibility.plaice.stage0.prey.sp14.stage0,0,logit
predation.accessibility.plaice.stage0.prey.sp15.stage0,0,logit
predation.accessibility.plaice.stage1.prey.sp0.stage0,0.05,logit
predation.accessibility.plaice.stage1.prey.sp0.stage1,0,logit
predation.accessibility.plaice.stage1.prey.sp1.stage0,0,logit
predation.accessibility.plaice.stage1.prey.sp1.stage1,0.8,logit
predation.accessibility.plaice.stage1.prey.sp2.stage0,0,logit
predation.accessibility.plaice.stage1.prey.sp2.stage1,0,logit
predation.accessibility.plaice.stage1.prey.sp3.stage0,0,logit
predation.accessibility.plaice.stage1.prey.sp3.stage1,0,logit
predation.accessibility.plaice.stage1.prey.sp4.stage0,0,logit
predation.accessibility.plaice.stage1.prey.sp4.stage1,0,logit
predation.accessibility.plaice.stage1.prey.sp5.stage0,0,logit
predation.accessibility.plaice.stage1.prey.sp5.stage1,0,logit
predation.accessibility.plaice.stage1.prey.sp6.stage0,0,logit
predation.accessibility.plaice.stage1.prey.sp6.stage1,0.8,logit
predation.accessibility.plaice.stage1.prey.sp7.stage0,0,logit
predation.accessibility.plaice.stage1.prey.sp7.stage1,0.8,logit
predation.accessibility.plaice.stage1.prey.sp8.stage0,0,logit
predation.accessibility.plaice.stage1.prey.sp8.stage1,0.8,logit
predation.accessibility.plaice.stage1.prey.sp9.stage0,0,logit
predation.accessibility.plaice.stage1.prey.sp10.stage0,0,logit
predation.accessibility.plaice.stage1.prey.sp11.stage0,0,logit
predation.accessibility.plaice.stage1.prey.sp11.stage1,0,logit
predation.accessibility.plaice.stage1.prey.sp12.stage0,0,logit
predation.accessibility.plaice.stage1.prey.sp12.stage1,0,logit
predation.accessibility.plaice.stage1.prey.sp13.stage0,0.05,logit
predation.accessibility.plaice.stage1.prey.sp13.stage1,0,logit
predation.accessibility.plaice.stage1.prey.sp14.stage0,0.8,logit
predation.accessibility.plaice.stage1.prey.sp15.stage0,0.8,logit
predation.accessibility.horseMackerel.stage0.prey.sp0.stage0,0,logit
predation.accessibility.horseMackerel.stage0.prey.sp0.stage1,0.4,logit
predation.accessibility.horseMackerel.stage0.prey.sp1.stage0,0.8,logit
predation.accessibility.horseMackerel.stage0.prey.sp1.stage1,0,logit
predation.accessibility.horseMackerel.stage0.prey.sp2.stage0,0.8,logit
predation.accessibility.horseMackerel.stage0.prey.sp2.stage1,0.4,logit
predation.accessibility.horseMackerel.stage0.prey.sp3.stage0,0.8,logit
predation.accessibility.horseMackerel.stage0.prey.sp3.stage1,0.4,logit
predation.accessibility.horseMackerel.stage0.prey.sp4.stage0,0.8,logit
predation.accessibility.horseMackerel.stage0.prey.sp4.stage1,0.4,logit
predation.accessibility.horseMackerel.stage0.prey.sp5.stage0,0.8,logit
predation.accessibility.horseMackerel.stage0.prey.sp5.stage1,0.4,logit
predation.accessibility.horseMackerel.stage0.prey.sp6.stage0,0.8,logit
predation.accessibility.horseMackerel.stage0.prey.sp6.stage1,0,logit
predation.accessibility.horseMackerel.stage0.prey.sp7.stage0,0.8,logit
predation.accessibility.horseMackerel.stage0.prey.sp7.stage1,0,logit
predation.accessibility.horseMackerel.stage0.prey.sp8.stage0,0.8,logit
predation.accessibility.horseMackerel.stage0.prey.sp8.stage1,0,logit
predation.accessibility.horseMackerel.stage0.prey.sp9.stage0,0.8,logit
predation.accessibility.horseMackerel.stage0.prey.sp10.stage0,0.8,logit
predation.accessibility.horseMackerel.stage0.prey.sp11.stage0,0.8,logit
predation.accessibility.horseMackerel.stage0.prey.sp11.stage1,0.8,logit
predation.accessibility.horseMackerel.stage0.prey.sp12.stage0,0.8,logit
predation.accessibility.horseMackerel.stage0.prey.sp12.stage1,0.8,logit
predation.accessibility.horseMackerel.stage0.prey.sp13.stage0,0,logit
predation.accessibility.horseMackerel.stage0.prey.sp13.stage1,0.8,logit
predation.accessibility.horseMackerel.stage0.prey.sp14.stage0,0,logit
predation.accessibility.horseMackerel.stage0.prey.sp15.stage0,0,logit
predation.accessibility.mackerel.stage0.prey.sp0.stage0,0,logit
predation.accessibility.mackerel.stage0.prey.sp0.stage1,0.4,logit
predation.accessibility.mackerel.stage0.prey.sp1.stage0,0.8,logit
predation.accessibility.mackerel.stage0.prey.sp1.stage1,0,logit
predation.accessibility.mackerel.stage0.prey.sp2.stage0,0.8,logit
predation.accessibility.mackerel.stage0.prey.sp2.stage1,0.4,logit
predation.accessibility.mackerel.stage0.prey.sp3.stage0,0.8,logit
predation.accessibility.mackerel.stage0.prey.sp3.stage1,0.4,logit
predation.accessibility.mackerel.stage0.prey.sp4.stage0,0.8,logit
predation.accessibility.mackerel.stage0.prey.sp4.stage1,0.4,logit
predation.accessibility.mackerel.stage0.prey.sp5.stage0,0.8,logit
predation.accessibility.mackerel.stage0.prey.sp5.stage1,0.4,logit
predation.accessibility.mackerel.stage0.prey.sp6.stage0,0.8,logit
predation.accessibility.mackerel.stage0.prey.sp6.stage1,0,logit
predation.accessibility.mackerel.stage0.prey.sp7.stage0,0.8,logit
predation.accessibility.mackerel.stage0.prey.sp7.stage1,0,logit
predation.accessibility.mackerel.stage0.prey.sp8.stage0,0.8,logit
predation.accessibility.mackerel.stage0.prey.sp8.stage1,0,logit
predation.accessibility.mackerel.stage0.prey.sp9.stage0,0.8,logit
predation.accessibility.mackerel.stage0.prey.sp10.stage0,0.8,logit
predation.accessibility.mackerel.stage0.prey.sp11.stage0,0.8,logit
predation.accessibility.mackerel.stage0.prey.sp11.stage1,0.8,logit
predation.accessibility.mackerel.stage0.prey.sp12.stage0,0.8,logit
predation.accessibility.mackerel.stage0.prey.sp12.stage1,0.8,logit
predation.accessibility.mackerel.stage0.prey.sp13.stage0,0,logit
predation.accessibility.mackerel.stage0.prey.sp13.stage1,0.8,logit
predation.accessibility.mackerel.stage0.prey.sp14.stage0,0,logit
predation.accessibility.mackerel.stage0.prey.sp15.stage0,0,logit
predation.accessibility.herring.stage0.prey.sp0.stage0,0,logit
predation.accessibility.herring.stage0.prey.sp0.stage1,0.4,logit
predation.accessibility.herring.stage0.prey.sp1.stage0,0.8,logit
predation.accessibility.herring.stage0.prey.sp1.stage1,0,logit
predation.accessibility.herring.stage0.prey.sp2.stage0,0.8,logit
predation.accessibility.herring.stage0.prey.sp2.stage1,0.4,logit
predation.accessibility.herring.stage0.prey.sp3.stage0,0.8,logit
predation.accessibility.herring.stage0.prey.sp3.stage1,0.4,logit
predation.accessibility.herring.stage0.prey.sp4.stage0,0.8,logit
predation.accessibility.herring.stage0.prey.sp4.stage1,0.4,logit
predation.accessibility.herring.stage0.prey.sp5.stage0,0.8,logit
predation.accessibility.herring.stage0.prey.sp5.stage1,0.4,logit
predation.accessibility.herring.stage0.prey.sp6.stage0,0.8,logit
predation.accessibility.herring.stage0.prey.sp6.stage1,0,logit
predation.accessibility.herring.stage0.prey.sp7.stage0,0.8,logit
predation.accessibility.herring.stage0.prey.sp7.stage1,0,logit
predation.accessibility.herring.stage0.prey.sp8.stage0,0.8,logit
predation.accessibility.herring.stage0.prey.sp8.stage1,0,logit
predation.accessibility.herring.stage0.prey.sp9.stage0,0.8,logit
predation.accessibility.herring.stage0.prey.sp10.stage0,0.8,logit
predation.accessibility.herring.stage0.prey.sp11.stage0,0.8,logit
predation.accessibility.herring.stage0.prey.sp11.stage1,0.8,logit
predation.accessibility.herring.stage0.prey.sp12.stage0,0.8,logit
predation.accessibility.herring.stage0.prey.sp12.stage1,0.8,logit
predation.accessibility.herring.stage0.prey.sp13.stage0,0,logit
predation.accessibility.herring.stage0.prey.sp13.stage1,0.8,logit
predation.accessibility.herring.stage0.prey.sp14.stage0,0,logit
predation.accessibility.herring.stage0.prey.sp15.stage0,0,logit
predation.accessibility.herring.stage1.prey.sp0.stage0,0,logit
predation.accessibility.herring.stage1.prey.sp0.stage1,0.4,logit
predation.accessibility.herring.stage1.prey.sp1.stage0,0.8,logit
predation.accessibility.herring.stage1.prey.sp1.stage1,0,logit
predation.accessibility.herring.stage1.prey.sp2.stage0,0.8,logit
predation.accessibility.herring.stage1.prey.sp2.stage1,0.4,logit
predation.accessibility.herring.stage1.prey.sp3.stage0,0.8,logit
predation.accessibility.herring.stage1.prey.sp3.stage1,0.4,logit
predation.accessibility.herring.stage1.prey.sp4.stage0,0.8,logit
predation.accessibility.herring.stage1.prey.sp4.stage1,0.4,logit
predation.accessibility.herring.stage1.prey.sp5.stage0,0.8,logit
predation.accessibility.herring.stage1.prey.sp5.stage1,0.4,logit
predation.accessibility.herring.stage1.prey.sp6.stage0,0.8,logit
predation.accessibility.herring.stage1.prey.sp6.stage1,0,logit
predation.accessibility.herring.stage1.prey.sp7.stage0,0.8,logit
predation.accessibility.herring.stage1.prey.sp7.stage1,0,logit
predation.accessibility.herring.stage1.prey.sp8.stage0,0.8,logit
predation.accessibility.herring.stage1.prey.sp8.stage1,0,logit
predation.accessibility.herring.stage1.prey.sp9.stage0,0.8,logit
predation.accessibility.herring.stage1.prey.sp10.stage0,0.8,logit
predation.accessibility.herring.stage1.prey.sp11.stage0,0.8,logit
predation.accessibility.herring.stage1.prey.sp11.stage1,0.8,logit
predation.accessibility.herring.stage1.prey.sp12.stage0,0.8,logit
predation.accessibility.herring.stage1.prey.sp12.stage1,0.8,logit
predation.accessibility.herring.stage1.prey.sp13.stage0,0,logit
predation.accessibility.herring.stage1.prey.sp13.stage1,0.8,logit
predation.accessibility.herring.stage1.prey.sp14.stage0,0,logit
predation.accessibility.herring.stage1.prey.sp15.stage0,0,logit
predation.accessibility.sardine.stage0.prey.sp0.stage0,0,logit
predation.accessibility.sardine.stage0.prey.sp0.stage1,0.4,logit
predation.accessibility.sardine.stage0.prey.sp1.stage0,0.8,logit
predation.accessibility.sardine.stage0.prey.sp1.stage1,0,logit
predation.accessibility.sardine.stage0.prey.sp2.stage0,0.8,logit
predation.accessibility.sardine.stage0.prey.sp2.stage1,0.4,logit
predation.accessibility.sardine.stage0.prey.sp3.stage0,0.8,logit
predation.accessibility.sardine.stage0.prey.sp3.stage1,0.4,logit
predation.accessibility.sardine.stage0.prey.sp4.stage0,0.8,logit
predation.accessibility.sardine.stage0.prey.sp4.stage1,0.4,logit
predation.accessibility.sardine.stage0.prey.sp5.stage0,0.8,logit
predation.accessibility.sardine.stage0.prey.sp5.stage1,0.4,logit
predation.accessibility.sardine.stage0.prey.sp6.stage0,0.8,logit
predation.accessibility.sardine.stage0.prey.sp6.stage1,0,logit
predation.accessibility.sardine.stage0.prey.sp7.stage0,0.8,logit
predation.accessibility.sardine.stage0.prey.sp7.stage1,0,logit
predation.accessibility.sardine.stage0.prey.sp8.stage0,0.8,logit
predation.accessibility.sardine.stage0.prey.sp8.stage1,0,logit
predation.accessibility.sardine.stage0.prey.sp9.stage0,0.8,logit
predation.accessibility.sardine.stage0.prey.sp10.stage0,0.8,logit
predation.accessibility.sardine.stage0.prey.sp11.stage0,0.8,logit
predation.accessibility.sardine.stage0.prey.sp11.stage1,0.8,logit
predation.accessibility.sardine.stage0.prey.sp12.stage0,0.8,logit
predation.accessibility.sardine.stage0.prey.sp12.stage1,0.8,logit
predation.accessibility.sardine.stage0.prey.sp13.stage0,0,logit
predation.accessibility.sardine.stage0.prey.sp13.stage1,0.8,logit
predation.accessibility.sardine.stage0.prey.sp14.stage0,0,logit
predation.accessibility.sardine.stage0.prey.sp15.stage0,0,logit
predation.accessibility.sardine.stage1.prey.sp0.stage0,0,logit
predation.accessibility.sardine.stage1.prey.sp0.stage1,0.4,logit
predation.accessibility.sardine.stage1.prey.sp1.stage0,0.8,logit
predation.accessibility.sardine.stage1.prey.sp1.stage1,0,logit
predation.accessibility.sardine.stage1.prey.sp2.stage0,0.8,logit
predation.accessibility.sardine.stage1.prey.sp2.stage1,0.4,logit
predation.accessibility.sardine.stage1.prey.sp3.stage0,0.8,logit
predation.accessibility.sardine.stage1.prey.sp3.stage1,0.4,logit
predation.accessibility.sardine.stage1.prey.sp4.stage0,0.8,logit
predation.accessibility.sardine.stage1.prey.sp4.stage1,0.4,logit
predation.accessibility.sardine.stage1.prey.sp5.stage0,0.8,logit
predation.accessibility.sardine.stage1.prey.sp5.stage1,0.4,logit
predation.accessibility.sardine.stage1.prey.sp6.stage0,0.8,logit
predation.accessibility.sardine.stage1.prey.sp6.stage1,0,logit
predation.accessibility.sardine.stage1.prey.sp7.stage0,0.8,logit
predation.accessibility.sardine.stage1.prey.sp7.stage1,0,logit
predation.accessibility.sardine.stage1.prey.sp8.stage0,0.8,logit
predation.accessibility.sardine.stage1.prey.sp8.stage1,0,logit
predation.accessibility.sardine.stage1.prey.sp9.stage0,0.8,logit
predation.accessibility.sardine.stage1.prey.sp10.stage0,0.8,logit
predation.accessibility.sardine.stage1.prey.sp11.stage0,0.8,logit
predation.accessibility.sardine.stage1.prey.sp11.stage1,0.8,logit
predation.accessibility.sardine.stage1.prey.sp12.stage0,0.8,logit
predation.accessibility.sardine.stage1.prey.sp12.stage1,0.8,logit
predation.accessibility.sardine.stage1.prey.sp13.stage0,0,logit
predation.accessibility.sardine.stage1.prey.sp13.stage1,0.8,logit
predation.accessibility.sardine.stage1.prey.sp14.stage0,0,logit
predation.accessibility.sardine.stage1.prey.sp15.stage0,0,logit
predation.accessibility.squids.stage0.prey.sp0.stage0,0.05,logit
predation.accessibility.squids.stage0.prey.sp0.stage1,0,logit
predation.accessibility.squids.stage0.prey.sp1.stage0,0,logit
predation.accessibility.squids.stage0.prey.sp1.stage1,0.8,logit
predation.accessibility.squids.stage0.prey.sp2.stage0,0,logit
predation.accessibility.squids.stage0.prey.sp2.stage1,0,logit
predation.accessibility.squids.stage0.prey.sp3.stage0,0,logit
predation.accessibility.squids.stage0.prey.sp3.stage1,0,logit
predation.accessibility.squids.stage0.prey.sp4.stage0,0,logit
predation.accessibility.squids.stage0.prey.sp4.stage1,0,logit
predation.accessibility.squids.stage0.prey.sp5.stage0,0,logit
predation.accessibility.squids.stage0.prey.sp5.stage1,0,logit
predation.accessibility.squids.stage0.prey.sp6.stage0,0,logit
predation.accessibility.squids.stage0.prey.sp6.stage1,0.8,logit
predation.accessibility.squids.stage0.prey.sp7.stage0,0,logit
predation.accessibility.squids.stage0.prey.sp7.stage1,0.8,logit
predation.accessibility.squids.stage0.prey.sp8.stage0,0,logit
predation.accessibility.squids.stage0.prey.sp8.stage1,0.8,logit
predation.accessibility.squids.stage0.prey.sp9.stage0,0,logit
predation.accessibility.squids.stage0.prey.sp10.stage0,0,logit
predation.accessibility.squids.stage0.prey.sp11.stage0,0,logit
predation.accessibility.squids.stage0.prey.sp11.stage1,0,logit
predation.accessibility.squids.stage0.prey.sp12.stage0,0,logit
predation.accessibility.squids.stage0.prey.sp12.stage1,0,logit
predation.accessibility.squids.stage0.prey.sp13.stage0,0.05,logit
predation.accessibility.squids.stage0.prey.sp13.stage1,0,logit
predation.accessibility.squids.stage0.prey.sp14.stage0,0.8,logit
predation.accessibility.squids.stage0.prey.sp15.stage0,0.05,logit
predation.accessibility.squids.stage1.prey.sp0.stage0,0,logit
predation.accessibility.squids.stage1.prey.sp0.stage1,0.4,logit
predation.accessibility.squids.stage1.prey.sp1.stage0,0.8,logit
predation.accessibility.squids.stage1.prey.sp1.stage1,0,logit
predation.accessibility.squids.stage1.prey.sp2.stage0,0.8,logit
predation.accessibility.squids.stage1.prey.sp2.stage1,0.4,logit
predation.accessibility.squids.stage1.prey.sp3.stage0,0.8,logit
predation.accessibility.squids.stage1.prey.sp3.stage1,0.4,logit
predation.accessibility.squids.stage1.prey.sp4.stage0,0.8,logit
predation.accessibility.squids.stage1.prey.sp4.stage1,0.4,logit
predation.accessibility.squids.stage1.prey.sp5.stage0,0.8,logit
predation.accessibility.squids.stage1.prey.sp5.stage1,0.4,logit
predation.accessibility.squids.stage1.prey.sp6.stage0,0.8,logit
predation.accessibility.squids.stage1.prey.sp6.stage1,0,logit
predation.accessibility.squids.stage1.prey.sp7.stage0,0.8,logit
predation.accessibility.squids.stage1.prey.sp7.stage1,0,logit
predation.accessibility.squids.stage1.prey.sp8.stage0,0.8,logit
predation.accessibility.squids.stage1.prey.sp8.stage1,0,logit
predation.accessibility.squids.stage1.prey.sp9.stage0,0.8,logit
predation.accessibility.squids.stage1.prey.sp10.stage0,0.8,logit
predation.accessibility.squids.stage1.prey.sp11.stage0,0.8,logit
predation.accessibility.squids.stage1.prey.sp11.stage1,0.8,logit
predation.accessibility.squids.stage1.prey.sp12.stage0,0.8,logit
predation.accessibility.squids.stage1.prey.sp12.stage1,0.8,logit
predation.accessibility.squids.stage1.prey.sp13.stage0,0,logit
predation.accessibility.squids.stage1.prey.sp13.stage1,0.8,logit
predation.accessibility.squids.stage1.prey.sp14.stage0,0,logit
predation.accessibility.squids.stage1.prey.sp15.stage0,0,logit
predation.accessibility.cuttlefish.stage0.prey.sp0.stage0,0.05,logit
predation.accessibility.cuttlefish.stage0.prey.sp0.stage1,0,logit
predation.accessibility.cuttlefish.stage0.prey.sp1.stage0,0,logit
predation.accessibility.cuttlefish.stage0.prey.sp1.stage1,0.8,logit
predation.accessibility.cuttlefish.stage0.prey.sp2.stage0,0,logit
predation.accessibility.cuttlefish.stage0.prey.sp2.stage1,0,logit
predation.accessibility.cuttlefish.stage0.prey.sp3.stage0,0,logit
predation.accessibility.cuttlefish.stage0.prey.sp3.stage1,0,logit
predation.accessibility.cuttlefish.stage0.prey.sp4.stage0,0,logit
predation.accessibility.cuttlefish.stage0.prey.sp4.stage1,0,logit
predation.accessibility.cuttlefish.stage0.prey.sp5.stage0,0,logit
predation.accessibility.cuttlefish.stage0.prey.sp5.stage1,0,logit
predation.accessibility.cuttlefish.stage0.prey.sp6.stage0,0,logit
predation.accessibility.cuttlefish.stage0.prey.sp6.stage1,0.8,logit
predation.accessibility.cuttlefish.stage0.prey.sp7.stage0,0,logit
predation.accessibility.cuttlefish.stage0.prey.sp7.stage1,0.8,logit
predation.accessibility.cuttlefish.stage0.prey.sp8.stage0,0,logit
predation.accessibility.cuttlefish.stage0.prey.sp8.stage1,0.8,logit
predation.accessibility.cuttlefish.stage0.prey.sp9.stage0,0,logit
predation.accessibility.cuttlefish.stage0.prey.sp10.stage0,0,logit
predation.accessibility.cuttlefish.stage0.prey.sp11.stage0,0,logit
predation.accessibility.cuttlefish.stage0.prey.sp11.stage1,0,logit
predation.accessibility.cuttlefish.stage0.prey.sp12.stage0,0,logit
predation.accessibility.cuttlefish.stage0.prey.sp12.stage1,0,logit
predation.accessibility.cuttlefish.stage0.prey.sp13.stage0,0.05,logit
predation.accessibility.cuttlefish.stage0.prey.sp13.stage1,0,logit
predation.accessibility.cuttlefish.stage0.prey.sp14.stage0,0.8,logit
predation.accessibility.cuttlefish.stage0.prey.sp15.stage0,0.8,logit
predation.accessibility.thornbackRay.stage0.prey.sp0.stage0,0,logit
predation.accessibility.thornbackRay.stage0.prey.sp0.stage1,0,logit
predation.accessibility.thornbackRay.stage0.prey.sp1.stage0,0.4,logit
predation.accessibility.thornbackRay.stage0.prey.sp1.stage1,0.4,logit
predation.accessibility.thornbackRay.stage0.prey.sp2.stage0,0.4,logit
predation.accessibility.thornbackRay.stage0.prey.sp2.stage1,0.8,logit
predation.accessibility.thornbackRay.stage0.prey.sp3.stage0,0.4,logit
predation.accessibility.thornbackRay.stage0.prey.sp3.stage1,0.8,logit
predation.accessibility.thornbackRay.stage0.prey.sp4.stage0,0.4,logit
predation.accessibility.thornbackRay.stage0.prey.sp4.stage1,0.8,logit
predation.accessibility.thornbackRay.stage0.prey.sp5.stage0,0.4,logit
predation.accessibility.thornbackRay.stage0.prey.sp5.stage1,0.8,logit
predation.accessibility.thornbackRay.stage0.prey.sp6.stage0,0.4,logit
predation.accessibility.thornbackRay.stage0.prey.sp6.stage1,0.4,logit
predation.accessibility.thornbackRay.stage0.prey.sp7.stage0,0.4,logit
predation.accessibility.thornbackRay.stage0.prey.sp7.stage1,0.4,logit
predation.accessibility.thornbackRay.stage0.prey.sp8.stage0,0.4,logit
predation.accessibility.thornbackRay.stage0.prey.sp8.stage1,0.4,logit
predation.accessibility.thornbackRay.stage0.prey.sp9.stage0,0.4,logit
predation.accessibility.thornbackRay.stage0.prey.sp10.stage0,0.4,logit
predation.accessibility.thornbackRay.stage0.prey.sp11.stage0,0.4,logit
predation.accessibility.thornbackRay.stage0.prey.sp11.stage1,0.4,logit
predation.accessibility.thornbackRay.stage0.prey.sp12.stage0,0.4,logit
predation.accessibility.thornbackRay.stage0.prey.sp12.stage1,0.4,logit
predation.accessibility.thornbackRay.stage0.prey.sp13.stage0,0,logit
predation.accessibility.thornbackRay.stage0.prey.sp13.stage1,0.4,logit
predation.accessibility.thornbackRay.stage0.prey.sp14.stage0,0.8,logit
predation.accessibility.thornbackRay.stage0.prey.sp15.stage0,0.8,logit
